{"stats":{"minecraft:dropped":{"minecraft:bread":43,"minecraft:clay_ball":4,"pixelmon:pixelmon_sprite":4,"minecraft:stone_pickaxe":1,"minecraft:bone":1},"minecraft:used":{"minecraft:wooden_hoe":32,"minecraft:dark_oak_sign":1,"minecraft:bread":7,"minecraft:stone_pickaxe":5,"minecraft:wooden_pickaxe":9,"minecraft:stone_axe":3,"minecraft:crafting_table":1,"minecraft:painting":1,"minecraft:black_bed":2},"minecraft:picked_up":{"pixelmon:pokemail_orange":1,"minecraft:clay_ball":6,"minecraft:black_bed":2,"minecraft:leather":1,"minecraft:wooden_pickaxe":1,"pixelmon:film":6,"pixelmon:poke_ball":1,"minecraft:oak_log":4,"pixelmon:apricorn_leaves_black":2,"minecraft:rabbit_foot":1,"minecraft:bone":3,"minecraft:stone_pickaxe":1,"minecraft:hay_block":31,"minecraft:spruce_wood":2,"pixelmon:red_pc":1,"minecraft:painting":1,"minecraft:dark_oak_sign":1,"pixelmon:pixelmon_sprite":4,"minecraft:cobblestone":10},"minecraft:custom":{"minecraft:time_since_rest":2330,"minecraft:sprint_one_cm":133711,"minecraft:walk_one_cm":73507,"minecraft:drop":12,"minecraft:damage_dealt":20,"minecraft:swim_one_cm":2149,"minecraft:interact_with_cartography_table":1,"minecraft:interact_with_crafting_table":5,"minecraft:fly_one_cm":335789,"minecraft:open_barrel":8,"minecraft:open_chest":6,"minecraft:crouch_one_cm":153,"minecraft:play_time":68953,"minecraft:sneak_time":75,"minecraft:walk_under_water_one_cm":221,"minecraft:interact_with_brewingstand":1,"minecraft:jump":1149,"minecraft:leave_game":19,"minecraft:time_since_death":68953,"minecraft:walk_on_water_one_cm":803,"minecraft:sleep_in_bed":2,"minecraft:total_world_time":68953,"minecraft:fall_one_cm":34616},"minecraft:mined":{"minecraft:hay_block":31,"pixelmon:apricorn_leaves_black":3,"minecraft:black_bed":2,"minecraft:grass":5,"minecraft:oak_log":4,"minecraft:tall_grass":1,"minecraft:cobblestone":1,"minecraft:spruce_wood":2,"minecraft:stone":9,"minecraft:oak_leaves":6},"minecraft:crafted":{"minecraft:oak_planks":16,"minecraft:wooden_hoe":1,"minecraft:crafting_table":1,"minecraft:stick":8,"minecraft:wooden_pickaxe":1,"minecraft:stone_pickaxe":1,"minecraft:stone_axe":1,"minecraft:bread":93,"minecraft:wheat":279}},"DataVersion":3465}