{"stats":{"minecraft:dropped":{"pixelmon:aluminium_ingot":1,"minecraft:bread":1,"minecraft:wheat_seeds":2,"pixelmon:film":6,"minecraft:rotten_flesh":1,"pixelmon:camera":1,"minecraft:clay_ball":2,"pixelmon:pixelmon_sprite":4,"minecraft:leather":4,"minecraft:wooden_pickaxe":1,"pixelmon:good_rod":1,"pixelmon:poke_ball":1,"minecraft:rabbit_foot":1,"minecraft:cod":2},"minecraft:used":{"minecraft:bread":11,"minecraft:stone_pickaxe":5,"pixelmon:silver_ore":1,"minecraft:wooden_pickaxe":22,"pixelmon:full_incense":1,"minecraft:item_frame":1,"minecraft:stone_axe":2,"minecraft:dirt":1,"minecraft:crafting_table":2,"minecraft:black_bed":2,"minecraft:cod":1},"minecraft:picked_up":{"minecraft:crafting_table":1,"minecraft:anvil":1,"minecraft:black_bed":2,"minecraft:leather":4,"pixelmon:topo_berry":8,"minecraft:porkchop":2,"pixelmon:aluminium_ingot":2,"minecraft:oak_log":5,"pixelmon:pink_pc":1,"minecraft:rabbit_foot":1,"minecraft:dirt":1,"minecraft:item_frame":1,"pixelmon:silver_ore":1,"minecraft:rotten_flesh":1,"minecraft:wheat_seeds":2,"pixelmon:pixelmon_sprite":12,"minecraft:bread":43,"minecraft:cod":1,"minecraft:cobblestone":22,"pixelmon:good_rod":1},"minecraft:custom":{"minecraft:time_since_rest":13912,"minecraft:sprint_one_cm":121043,"minecraft:damage_taken":130,"minecraft:walk_one_cm":92615,"minecraft:drop":23,"minecraft:interact_with_crafting_table":3,"minecraft:fly_one_cm":259845,"minecraft:play_time":72008,"minecraft:open_barrel":30,"minecraft:open_chest":15,"minecraft:interact_with_loom":3,"minecraft:crouch_one_cm":42,"minecraft:bell_ring":2,"minecraft:sneak_time":36,"minecraft:walk_under_water_one_cm":665,"minecraft:pot_flower":1,"minecraft:jump":1023,"minecraft:leave_game":14,"minecraft:time_since_death":72008,"minecraft:walk_on_water_one_cm":1631,"minecraft:sleep_in_bed":2,"minecraft:total_world_time":72008,"minecraft:climb_one_cm":2405,"minecraft:fall_one_cm":28179},"minecraft:mined":{"pixelmon:incense_full":1,"minecraft:black_bed":2,"minecraft:anvil":1,"minecraft:crafting_table":1,"minecraft:grass":1,"minecraft:grass_block":1,"minecraft:oak_log":5,"minecraft:tall_grass":1,"pixelmon:silver_ore":1,"minecraft:stone":22,"pixelmon:pink_healer":2},"minecraft:crafted":{"minecraft:oak_planks":20,"minecraft:crafting_table":1,"minecraft:stick":8,"minecraft:wooden_pickaxe":1,"minecraft:stone_pickaxe":1,"minecraft:stone_sword":1,"minecraft:stone_axe":1}},"DataVersion":3465}